Type 1,Total,HP,Attack,Defense,Sp. Atk,Sp. Def,Speed,Legendary,gen_1,gen_2,gen_3,gen_4,gen_5,gen_6
Grass,318,45,49,49,65,65,45,0,1,0,0,0,0,0
Grass,405,60,62,63,80,80,60,0,1,0,0,0,0,0
Grass,525,80,82,83,100,100,80,0,1,0,0,0,0,0
Grass,625,80,100,123,122,120,80,0,1,0,0,0,0,0
Fire,309,39,52,43,60,50,65,0,1,0,0,0,0,0
Fire,405,58,64,58,80,65,80,0,1,0,0,0,0,0
Fire,534,78,84,78,109,85,100,0,1,0,0,0,0,0
Fire,634,78,130,111,130,85,100,0,1,0,0,0,0,0
Fire,634,78,104,78,159,115,100,0,1,0,0,0,0,0
Water,314,44,48,65,50,64,43,0,1,0,0,0,0,0
Water,405,59,63,80,65,80,58,0,1,0,0,0,0,0
Water,530,79,83,100,85,105,78,0,1,0,0,0,0,0
Water,630,79,103,120,135,115,78,0,1,0,0,0,0,0
Bug,195,45,30,35,20,20,45,0,1,0,0,0,0,0
Bug,205,50,20,55,25,25,30,0,1,0,0,0,0,0
Bug,395,60,45,50,90,80,70,0,1,0,0,0,0,0
Bug,195,40,35,30,20,20,50,0,1,0,0,0,0,0
Bug,205,45,25,50,25,25,35,0,1,0,0,0,0,0
Bug,395,65,90,40,45,80,75,0,1,0,0,0,0,0
Bug,495,65,150,40,15,80,145,0,1,0,0,0,0,0
Normal,251,40,45,40,35,35,56,0,1,0,0,0,0,0
Normal,349,63,60,55,50,50,71,0,1,0,0,0,0,0
Normal,479,83,80,75,70,70,101,0,1,0,0,0,0,0
Normal,579,83,80,80,135,80,121,0,1,0,0,0,0,0
Normal,253,30,56,35,25,35,72,0,1,0,0,0,0,0
Normal,413,55,81,60,50,70,97,0,1,0,0,0,0,0
Normal,262,40,60,30,31,31,70,0,1,0,0,0,0,0
Normal,442,65,90,65,61,61,100,0,1,0,0,0,0,0
Poison,288,35,60,44,40,54,55,0,1,0,0,0,0,0
Poison,438,60,85,69,65,79,80,0,1,0,0,0,0,0
Electric,320,35,55,40,50,50,90,0,1,0,0,0,0,0
Electric,485,60,90,55,90,80,110,0,1,0,0,0,0,0
Ground,300,50,75,85,20,30,40,0,1,0,0,0,0,0
Ground,450,75,100,110,45,55,65,0,1,0,0,0,0,0
Poison,275,55,47,52,40,40,41,0,1,0,0,0,0,0
Poison,365,70,62,67,55,55,56,0,1,0,0,0,0,0
Poison,505,90,92,87,75,85,76,0,1,0,0,0,0,0
Poison,273,46,57,40,40,40,50,0,1,0,0,0,0,0
Poison,365,61,72,57,55,55,65,0,1,0,0,0,0,0
Poison,505,81,102,77,85,75,85,0,1,0,0,0,0,0
Fairy,323,70,45,48,60,65,35,0,1,0,0,0,0,0
Fairy,483,95,70,73,95,90,60,0,1,0,0,0,0,0
Fire,299,38,41,40,50,65,65,0,1,0,0,0,0,0
Fire,505,73,76,75,81,100,100,0,1,0,0,0,0,0
Normal,270,115,45,20,45,25,20,0,1,0,0,0,0,0
Normal,435,140,70,45,85,50,45,0,1,0,0,0,0,0
Poison,245,40,45,35,30,40,55,0,1,0,0,0,0,0
Poison,455,75,80,70,65,75,90,0,1,0,0,0,0,0
Grass,320,45,50,55,75,65,30,0,1,0,0,0,0,0
Grass,395,60,65,70,85,75,40,0,1,0,0,0,0,0
Grass,490,75,80,85,110,90,50,0,1,0,0,0,0,0
Bug,285,35,70,55,45,55,25,0,1,0,0,0,0,0
Bug,405,60,95,80,60,80,30,0,1,0,0,0,0,0
Bug,305,60,55,50,40,55,45,0,1,0,0,0,0,0
Bug,450,70,65,60,90,75,90,0,1,0,0,0,0,0
Ground,265,10,55,25,35,45,95,0,1,0,0,0,0,0
Ground,405,35,80,50,50,70,120,0,1,0,0,0,0,0
Normal,290,40,45,35,40,40,90,0,1,0,0,0,0,0
Normal,440,65,70,60,65,65,115,0,1,0,0,0,0,0
Water,320,50,52,48,65,50,55,0,1,0,0,0,0,0
Water,500,80,82,78,95,80,85,0,1,0,0,0,0,0
Fighting,305,40,80,35,35,45,70,0,1,0,0,0,0,0
Fighting,455,65,105,60,60,70,95,0,1,0,0,0,0,0
Fire,350,55,70,45,70,50,60,0,1,0,0,0,0,0
Fire,555,90,110,80,100,80,95,0,1,0,0,0,0,0
Water,300,40,50,40,40,40,90,0,1,0,0,0,0,0
Water,385,65,65,65,50,50,90,0,1,0,0,0,0,0
Water,510,90,95,95,70,90,70,0,1,0,0,0,0,0
Psychic,310,25,20,15,105,55,90,0,1,0,0,0,0,0
Psychic,400,40,35,30,120,70,105,0,1,0,0,0,0,0
Psychic,500,55,50,45,135,95,120,0,1,0,0,0,0,0
Psychic,590,55,50,65,175,95,150,0,1,0,0,0,0,0
Fighting,305,70,80,50,35,35,35,0,1,0,0,0,0,0
Fighting,405,80,100,70,50,60,45,0,1,0,0,0,0,0
Fighting,505,90,130,80,65,85,55,0,1,0,0,0,0,0
Grass,300,50,75,35,70,30,40,0,1,0,0,0,0,0
Grass,390,65,90,50,85,45,55,0,1,0,0,0,0,0
Grass,490,80,105,65,100,70,70,0,1,0,0,0,0,0
Water,335,40,40,35,50,100,70,0,1,0,0,0,0,0
Water,515,80,70,65,80,120,100,0,1,0,0,0,0,0
Rock,300,40,80,100,30,30,20,0,1,0,0,0,0,0
Rock,390,55,95,115,45,45,35,0,1,0,0,0,0,0
Rock,495,80,120,130,55,65,45,0,1,0,0,0,0,0
Fire,410,50,85,55,65,65,90,0,1,0,0,0,0,0
Fire,500,65,100,70,80,80,105,0,1,0,0,0,0,0
Water,315,90,65,65,40,40,15,0,1,0,0,0,0,0
Water,490,95,75,110,100,80,30,0,1,0,0,0,0,0
Water,590,95,75,180,130,80,30,0,1,0,0,0,0,0
Electric,325,25,35,70,95,55,45,0,1,0,0,0,0,0
Electric,465,50,60,95,120,70,70,0,1,0,0,0,0,0
Normal,352,52,65,55,58,62,60,0,1,0,0,0,0,0
Normal,310,35,85,45,35,35,75,0,1,0,0,0,0,0
Normal,460,60,110,70,60,60,100,0,1,0,0,0,0,0
Water,325,65,45,55,45,70,45,0,1,0,0,0,0,0
Water,475,90,70,80,70,95,70,0,1,0,0,0,0,0
Poison,325,80,80,50,40,50,25,0,1,0,0,0,0,0
Poison,500,105,105,75,65,100,50,0,1,0,0,0,0,0
Water,305,30,65,100,45,25,40,0,1,0,0,0,0,0
Water,525,50,95,180,85,45,70,0,1,0,0,0,0,0
Ghost,310,30,35,30,100,35,80,0,1,0,0,0,0,0
Ghost,405,45,50,45,115,55,95,0,1,0,0,0,0,0
Ghost,500,60,65,60,130,75,110,0,1,0,0,0,0,0
Ghost,600,60,65,80,170,95,130,0,1,0,0,0,0,0
Rock,385,35,45,160,30,45,70,0,1,0,0,0,0,0
Psychic,328,60,48,45,43,90,42,0,1,0,0,0,0,0
Psychic,483,85,73,70,73,115,67,0,1,0,0,0,0,0
Water,325,30,105,90,25,25,50,0,1,0,0,0,0,0
Water,475,55,130,115,50,50,75,0,1,0,0,0,0,0
Electric,330,40,30,50,55,55,100,0,1,0,0,0,0,0
Electric,480,60,50,70,80,80,140,0,1,0,0,0,0,0
Grass,325,60,40,80,60,45,40,0,1,0,0,0,0,0
Grass,520,95,95,85,125,65,55,0,1,0,0,0,0,0
Ground,320,50,50,95,40,50,35,0,1,0,0,0,0,0
Ground,425,60,80,110,50,80,45,0,1,0,0,0,0,0
Fighting,455,50,120,53,35,110,87,0,1,0,0,0,0,0
Fighting,455,50,105,79,35,110,76,0,1,0,0,0,0,0
Normal,385,90,55,75,60,75,30,0,1,0,0,0,0,0
Poison,340,40,65,95,60,45,35,0,1,0,0,0,0,0
Poison,490,65,90,120,85,70,60,0,1,0,0,0,0,0
Ground,345,80,85,95,30,30,25,0,1,0,0,0,0,0
Ground,485,105,130,120,45,45,40,0,1,0,0,0,0,0
Normal,450,250,5,5,35,105,50,0,1,0,0,0,0,0
Grass,435,65,55,115,100,40,60,0,1,0,0,0,0,0
Normal,490,105,95,80,40,80,90,0,1,0,0,0,0,0
Normal,590,105,125,100,60,100,100,0,1,0,0,0,0,0
Water,295,30,40,70,70,25,60,0,1,0,0,0,0,0
Water,440,55,65,95,95,45,85,0,1,0,0,0,0,0
Water,320,45,67,60,35,50,63,0,1,0,0,0,0,0
Water,450,80,92,65,65,80,68,0,1,0,0,0,0,0
Water,340,30,45,55,70,55,85,0,1,0,0,0,0,0
Water,520,60,75,85,100,85,115,0,1,0,0,0,0,0
Psychic,460,40,45,65,100,120,90,0,1,0,0,0,0,0
Bug,500,70,110,80,55,80,105,0,1,0,0,0,0,0
Ice,455,65,50,35,115,95,95,0,1,0,0,0,0,0
Electric,490,65,83,57,95,85,105,0,1,0,0,0,0,0
Fire,495,65,95,57,100,85,93,0,1,0,0,0,0,0
Bug,500,65,125,100,55,70,85,0,1,0,0,0,0,0
Bug,600,65,155,120,65,90,105,0,1,0,0,0,0,0
Normal,490,75,100,95,40,70,110,0,1,0,0,0,0,0
Water,200,20,10,55,15,20,80,0,1,0,0,0,0,0
Water,540,95,125,79,60,100,81,0,1,0,0,0,0,0
Water,640,95,155,109,70,130,81,0,1,0,0,0,0,0
Water,535,130,85,80,85,95,60,0,1,0,0,0,0,0
Normal,288,48,48,48,48,48,48,0,1,0,0,0,0,0
Normal,325,55,55,50,45,65,55,0,1,0,0,0,0,0
Water,525,130,65,60,110,95,65,0,1,0,0,0,0,0
Electric,525,65,65,60,110,95,130,0,1,0,0,0,0,0
Fire,525,65,130,60,95,110,65,0,1,0,0,0,0,0
Normal,395,65,60,70,85,75,40,0,1,0,0,0,0,0
Rock,355,35,40,100,90,55,35,0,1,0,0,0,0,0
Rock,495,70,60,125,115,70,55,0,1,0,0,0,0,0
Rock,355,30,80,90,55,45,55,0,1,0,0,0,0,0
Rock,495,60,115,105,65,70,80,0,1,0,0,0,0,0
Rock,515,80,105,65,60,75,130,0,1,0,0,0,0,0
Rock,615,80,135,85,70,95,150,0,1,0,0,0,0,0
Normal,540,160,110,65,65,110,30,0,1,0,0,0,0,0
Ice,580,90,85,100,95,125,85,1,1,0,0,0,0,0
Electric,580,90,90,85,125,90,100,1,1,0,0,0,0,0
Fire,580,90,100,90,125,85,90,1,1,0,0,0,0,0
Dragon,300,41,64,45,50,50,50,0,1,0,0,0,0,0
Dragon,420,61,84,65,70,70,70,0,1,0,0,0,0,0
Dragon,600,91,134,95,100,100,80,0,1,0,0,0,0,0
Psychic,680,106,110,90,154,90,130,1,1,0,0,0,0,0
Psychic,780,106,190,100,154,100,130,1,1,0,0,0,0,0
Psychic,780,106,150,70,194,120,140,1,1,0,0,0,0,0
Psychic,600,100,100,100,100,100,100,0,1,0,0,0,0,0
Grass,318,45,49,65,49,65,45,0,0,1,0,0,0,0
Grass,405,60,62,80,63,80,60,0,0,1,0,0,0,0
Grass,525,80,82,100,83,100,80,0,0,1,0,0,0,0
Fire,309,39,52,43,60,50,65,0,0,1,0,0,0,0
Fire,405,58,64,58,80,65,80,0,0,1,0,0,0,0
Fire,534,78,84,78,109,85,100,0,0,1,0,0,0,0
Water,314,50,65,64,44,48,43,0,0,1,0,0,0,0
Water,405,65,80,80,59,63,58,0,0,1,0,0,0,0
Water,530,85,105,100,79,83,78,0,0,1,0,0,0,0
Normal,215,35,46,34,35,45,20,0,0,1,0,0,0,0
Normal,415,85,76,64,45,55,90,0,0,1,0,0,0,0
Normal,262,60,30,30,36,56,50,0,0,1,0,0,0,0
Normal,442,100,50,50,76,96,70,0,0,1,0,0,0,0
Bug,265,40,20,30,40,80,55,0,0,1,0,0,0,0
Bug,390,55,35,50,55,110,85,0,0,1,0,0,0,0
Bug,250,40,60,40,40,40,30,0,0,1,0,0,0,0
Bug,390,70,90,70,60,60,40,0,0,1,0,0,0,0
Poison,535,85,90,80,70,80,130,0,0,1,0,0,0,0
Water,330,75,38,38,56,56,67,0,0,1,0,0,0,0
Water,460,125,58,58,76,76,67,0,0,1,0,0,0,0
Electric,205,20,40,15,35,35,60,0,0,1,0,0,0,0
Fairy,218,50,25,28,45,55,15,0,0,1,0,0,0,0
Normal,210,90,30,15,40,20,15,0,0,1,0,0,0,0
Fairy,245,35,20,65,40,65,20,0,0,1,0,0,0,0
Fairy,405,55,40,85,80,105,40,0,0,1,0,0,0,0
Psychic,320,40,50,45,70,45,70,0,0,1,0,0,0,0
Psychic,470,65,75,70,95,70,95,0,0,1,0,0,0,0
Electric,280,55,40,40,65,45,35,0,0,1,0,0,0,0
Electric,365,70,55,55,80,60,45,0,0,1,0,0,0,0
Electric,510,90,75,85,115,90,55,0,0,1,0,0,0,0
Electric,610,90,95,105,165,110,45,0,0,1,0,0,0,0
Grass,490,75,80,95,90,100,50,0,0,1,0,0,0,0
Water,250,70,20,50,20,50,40,0,0,1,0,0,0,0
Water,420,100,50,80,60,80,50,0,0,1,0,0,0,0
Rock,410,70,100,115,30,65,30,0,0,1,0,0,0,0
Water,500,90,75,75,90,100,70,0,0,1,0,0,0,0
Grass,250,35,35,40,35,55,50,0,0,1,0,0,0,0
Grass,340,55,45,50,45,65,80,0,0,1,0,0,0,0
Grass,460,75,55,70,55,95,110,0,0,1,0,0,0,0
Normal,360,55,70,55,40,55,85,0,0,1,0,0,0,0
Grass,180,30,30,30,30,30,30,0,0,1,0,0,0,0
Grass,425,75,75,55,105,85,30,0,0,1,0,0,0,0
Bug,390,65,65,45,75,45,95,0,0,1,0,0,0,0
Water,210,55,45,45,25,25,15,0,0,1,0,0,0,0
Water,430,95,85,85,65,65,35,0,0,1,0,0,0,0
Psychic,525,65,65,60,130,95,110,0,0,1,0,0,0,0
Dark,525,95,65,110,60,130,65,0,0,1,0,0,0,0
Dark,405,60,85,42,85,42,91,0,0,1,0,0,0,0
Water,490,95,75,80,100,110,30,0,0,1,0,0,0,0
Ghost,435,60,60,60,85,85,85,0,0,1,0,0,0,0
Psychic,336,48,72,48,72,48,48,0,0,1,0,0,0,0
Psychic,405,190,33,58,33,58,33,0,0,1,0,0,0,0
Normal,455,70,80,65,90,65,85,0,0,1,0,0,0,0
Bug,290,50,65,90,35,35,15,0,0,1,0,0,0,0
Bug,465,75,90,140,60,60,40,0,0,1,0,0,0,0
Normal,415,100,70,70,65,65,45,0,0,1,0,0,0,0
Ground,430,65,75,105,35,65,85,0,0,1,0,0,0,0
Steel,510,75,85,200,55,65,30,0,0,1,0,0,0,0
Steel,610,75,125,230,55,95,30,0,0,1,0,0,0,0
Fairy,300,60,80,50,40,40,30,0,0,1,0,0,0,0
Fairy,450,90,120,75,60,60,45,0,0,1,0,0,0,0
Water,430,65,95,75,55,55,85,0,0,1,0,0,0,0
Bug,500,70,130,100,55,80,65,0,0,1,0,0,0,0
Bug,600,70,150,140,65,100,75,0,0,1,0,0,0,0
Bug,505,20,10,230,10,230,5,0,0,1,0,0,0,0
Bug,500,80,125,75,40,95,85,0,0,1,0,0,0,0
Bug,600,80,185,115,40,105,75,0,0,1,0,0,0,0
Dark,430,55,95,55,35,75,115,0,0,1,0,0,0,0
Normal,330,60,80,50,50,50,40,0,0,1,0,0,0,0
Normal,500,90,130,75,75,75,55,0,0,1,0,0,0,0
Fire,250,40,40,40,70,40,20,0,0,1,0,0,0,0
Fire,410,50,50,120,80,80,30,0,0,1,0,0,0,0
Ice,250,50,50,40,30,30,50,0,0,1,0,0,0,0
Ice,450,100,100,80,60,60,50,0,0,1,0,0,0,0
Water,380,55,55,85,65,85,35,0,0,1,0,0,0,0
Water,300,35,65,35,65,35,65,0,0,1,0,0,0,0
Water,480,75,105,75,105,75,45,0,0,1,0,0,0,0
Ice,330,45,55,45,65,45,75,0,0,1,0,0,0,0
Water,465,65,40,70,80,140,70,0,0,1,0,0,0,0
Steel,465,65,80,140,40,70,70,0,0,1,0,0,0,0
Dark,330,45,60,30,80,50,65,0,0,1,0,0,0,0
Dark,500,75,90,50,110,80,95,0,0,1,0,0,0,0
Dark,600,75,90,90,140,90,115,0,0,1,0,0,0,0
Water,540,75,95,95,95,95,85,0,0,1,0,0,0,0
Ground,330,90,60,60,40,40,40,0,0,1,0,0,0,0
Ground,500,90,120,120,60,60,50,0,0,1,0,0,0,0
Normal,515,85,80,90,105,95,60,0,0,1,0,0,0,0
Normal,465,73,95,62,85,65,85,0,0,1,0,0,0,0
Normal,250,55,20,35,20,45,75,0,0,1,0,0,0,0
Fighting,210,35,35,35,35,35,35,0,0,1,0,0,0,0
Fighting,455,50,95,95,35,110,70,0,0,1,0,0,0,0
Ice,305,45,30,15,85,65,65,0,0,1,0,0,0,0
Electric,360,45,63,37,65,55,95,0,0,1,0,0,0,0
Fire,365,45,75,37,70,55,83,0,0,1,0,0,0,0
Normal,490,95,80,105,40,70,100,0,0,1,0,0,0,0
Normal,540,255,10,10,75,135,55,0,0,1,0,0,0,0
Electric,580,90,85,75,115,100,115,1,0,1,0,0,0,0
Fire,580,115,115,85,90,75,100,1,0,1,0,0,0,0
Water,580,100,75,115,90,115,85,1,0,1,0,0,0,0
Rock,300,50,64,50,45,50,41,0,0,1,0,0,0,0
Rock,410,70,84,70,65,70,51,0,0,1,0,0,0,0
Rock,600,100,134,110,95,100,61,0,0,1,0,0,0,0
Rock,700,100,164,150,95,120,71,0,0,1,0,0,0,0
Psychic,680,106,90,130,90,154,110,1,0,1,0,0,0,0
Fire,680,106,130,90,110,154,90,1,0,1,0,0,0,0
Psychic,600,100,100,100,100,100,100,0,0,1,0,0,0,0
Grass,310,40,45,35,65,55,70,0,0,0,1,0,0,0
Grass,405,50,65,45,85,65,95,0,0,0,1,0,0,0
Grass,530,70,85,65,105,85,120,0,0,0,1,0,0,0
Grass,630,70,110,75,145,85,145,0,0,0,1,0,0,0
Fire,310,45,60,40,70,50,45,0,0,0,1,0,0,0
Fire,405,60,85,60,85,60,55,0,0,0,1,0,0,0
Fire,530,80,120,70,110,70,80,0,0,0,1,0,0,0
Fire,630,80,160,80,130,80,100,0,0,0,1,0,0,0
Water,310,50,70,50,50,50,40,0,0,0,1,0,0,0
Water,405,70,85,70,60,70,50,0,0,0,1,0,0,0
Water,535,100,110,90,85,90,60,0,0,0,1,0,0,0
Water,635,100,150,110,95,110,70,0,0,0,1,0,0,0
Dark,220,35,55,35,30,30,35,0,0,0,1,0,0,0
Dark,420,70,90,70,60,60,70,0,0,0,1,0,0,0
Normal,240,38,30,41,30,41,60,0,0,0,1,0,0,0
Normal,420,78,70,61,50,61,100,0,0,0,1,0,0,0
Bug,195,45,45,35,20,30,20,0,0,0,1,0,0,0
Bug,205,50,35,55,25,25,15,0,0,0,1,0,0,0
Bug,395,60,70,50,100,50,65,0,0,0,1,0,0,0
Bug,205,50,35,55,25,25,15,0,0,0,1,0,0,0
Bug,385,60,50,70,50,90,65,0,0,0,1,0,0,0
Water,220,40,30,30,40,50,30,0,0,0,1,0,0,0
Water,340,60,50,50,60,70,50,0,0,0,1,0,0,0
Water,480,80,70,70,90,100,70,0,0,0,1,0,0,0
Grass,220,40,40,50,30,30,30,0,0,0,1,0,0,0
Grass,340,70,70,40,60,40,60,0,0,0,1,0,0,0
Grass,480,90,100,60,90,60,80,0,0,0,1,0,0,0
Normal,270,40,55,30,30,30,85,0,0,0,1,0,0,0
Normal,430,60,85,60,50,50,125,0,0,0,1,0,0,0
Water,270,40,30,30,55,30,85,0,0,0,1,0,0,0
Water,430,60,50,100,85,70,65,0,0,0,1,0,0,0
Psychic,198,28,25,25,45,35,40,0,0,0,1,0,0,0
Psychic,278,38,35,35,65,55,50,0,0,0,1,0,0,0
Psychic,518,68,65,65,125,115,80,0,0,0,1,0,0,0
Psychic,618,68,85,65,165,135,100,0,0,0,1,0,0,0
Bug,269,40,30,32,50,52,65,0,0,0,1,0,0,0
Bug,414,70,60,62,80,82,60,0,0,0,1,0,0,0
Grass,295,60,40,60,40,60,35,0,0,0,1,0,0,0
Grass,460,60,130,80,60,60,70,0,0,0,1,0,0,0
Normal,280,60,60,60,35,35,30,0,0,0,1,0,0,0
Normal,440,80,80,80,55,55,90,0,0,0,1,0,0,0
Normal,670,150,160,100,95,65,100,0,0,0,1,0,0,0
Bug,266,31,45,90,30,30,40,0,0,0,1,0,0,0
Bug,456,61,90,45,50,50,160,0,0,0,1,0,0,0
Bug,236,1,90,45,30,30,40,0,0,0,1,0,0,0
Normal,240,64,51,23,51,23,28,0,0,0,1,0,0,0
Normal,360,84,71,43,71,43,48,0,0,0,1,0,0,0
Normal,490,104,91,63,91,73,68,0,0,0,1,0,0,0
Fighting,237,72,60,30,20,30,25,0,0,0,1,0,0,0
Fighting,474,144,120,60,40,60,50,0,0,0,1,0,0,0
Normal,190,50,20,40,20,40,20,0,0,0,1,0,0,0
Rock,375,30,45,135,45,90,30,0,0,0,1,0,0,0
Normal,260,50,45,45,35,35,50,0,0,0,1,0,0,0
Normal,380,70,65,65,55,55,70,0,0,0,1,0,0,0
Dark,380,50,75,75,65,65,50,0,0,0,1,0,0,0
Dark,480,50,85,125,85,115,20,0,0,0,1,0,0,0
Steel,380,50,85,85,55,55,50,0,0,0,1,0,0,0
Steel,480,50,105,125,55,95,50,0,0,0,1,0,0,0
Steel,330,50,70,100,40,40,30,0,0,0,1,0,0,0
Steel,430,60,90,140,50,50,40,0,0,0,1,0,0,0
Steel,530,70,110,180,60,60,50,0,0,0,1,0,0,0
Steel,630,70,140,230,60,80,50,0,0,0,1,0,0,0
Fighting,280,30,40,55,40,55,60,0,0,0,1,0,0,0
Fighting,410,60,60,75,60,75,80,0,0,0,1,0,0,0
Fighting,510,60,100,85,80,85,100,0,0,0,1,0,0,0
Electric,295,40,45,40,65,40,65,0,0,0,1,0,0,0
Electric,475,70,75,60,105,60,105,0,0,0,1,0,0,0
Electric,575,70,75,80,135,80,135,0,0,0,1,0,0,0
Electric,405,60,50,40,85,75,95,0,0,0,1,0,0,0
Electric,405,60,40,50,75,85,95,0,0,0,1,0,0,0
Bug,400,65,73,55,47,75,85,0,0,0,1,0,0,0
Bug,400,65,47,55,73,75,85,0,0,0,1,0,0,0
Grass,400,50,60,45,100,80,65,0,0,0,1,0,0,0
Poison,302,70,43,53,43,53,40,0,0,0,1,0,0,0
Poison,467,100,73,83,73,83,55,0,0,0,1,0,0,0
Water,305,45,90,20,65,20,65,0,0,0,1,0,0,0
Water,460,70,120,40,95,40,95,0,0,0,1,0,0,0
Water,560,70,140,70,110,65,105,0,0,0,1,0,0,0
Water,400,130,70,35,70,35,60,0,0,0,1,0,0,0
Water,500,170,90,45,90,45,60,0,0,0,1,0,0,0
Fire,305,60,60,40,65,45,35,0,0,0,1,0,0,0
Fire,460,70,100,70,105,75,40,0,0,0,1,0,0,0
Fire,560,70,120,100,145,105,20,0,0,0,1,0,0,0
Fire,470,70,85,140,85,70,20,0,0,0,1,0,0,0
Psychic,330,60,25,35,70,80,60,0,0,0,1,0,0,0
Psychic,470,80,45,65,90,110,80,0,0,0,1,0,0,0
Normal,360,60,60,60,60,60,60,0,0,0,1,0,0,0
Ground,290,45,100,45,45,45,10,0,0,0,1,0,0,0
Ground,340,50,70,50,50,50,70,0,0,0,1,0,0,0
Ground,520,80,100,80,80,80,100,0,0,0,1,0,0,0
Grass,335,50,85,40,85,40,35,0,0,0,1,0,0,0
Grass,475,70,115,60,115,60,55,0,0,0,1,0,0,0
Normal,310,45,40,60,40,75,50,0,0,0,1,0,0,0
Dragon,490,75,70,90,70,105,80,0,0,0,1,0,0,0
Dragon,590,75,110,110,110,105,80,0,0,0,1,0,0,0
Normal,458,73,115,60,60,60,90,0,0,0,1,0,0,0
Poison,458,73,100,60,100,60,65,0,0,0,1,0,0,0
Rock,440,70,55,65,95,85,70,0,0,0,1,0,0,0
Rock,440,70,95,85,55,65,70,0,0,0,1,0,0,0
Water,288,50,48,43,46,41,60,0,0,0,1,0,0,0
Water,468,110,78,73,76,71,60,0,0,0,1,0,0,0
Water,308,43,80,65,50,35,35,0,0,0,1,0,0,0
Water,468,63,120,85,90,55,55,0,0,0,1,0,0,0
Ground,300,40,40,55,40,70,55,0,0,0,1,0,0,0
Ground,500,60,70,105,70,120,75,0,0,0,1,0,0,0
Rock,355,66,41,77,61,87,23,0,0,0,1,0,0,0
Rock,495,86,81,97,81,107,43,0,0,0,1,0,0,0
Rock,355,45,95,50,40,50,75,0,0,0,1,0,0,0
Rock,495,75,125,100,70,80,45,0,0,0,1,0,0,0
Water,200,20,15,20,10,55,80,0,0,0,1,0,0,0
Water,540,95,60,79,100,125,81,0,0,0,1,0,0,0
Normal,420,70,70,70,70,70,70,0,0,0,1,0,0,0
Normal,440,60,90,70,60,120,40,0,0,0,1,0,0,0
Ghost,295,44,75,35,63,33,45,0,0,0,1,0,0,0
Ghost,455,64,115,65,83,63,65,0,0,0,1,0,0,0
Ghost,555,64,165,75,93,83,75,0,0,0,1,0,0,0
Ghost,295,20,40,90,30,90,25,0,0,0,1,0,0,0
Ghost,455,40,70,130,60,130,25,0,0,0,1,0,0,0
Grass,460,99,68,83,72,87,51,0,0,0,1,0,0,0
Psychic,425,65,50,70,95,80,65,0,0,0,1,0,0,0
Dark,465,65,130,60,75,60,75,0,0,0,1,0,0,0
Dark,565,65,150,60,115,60,115,0,0,0,1,0,0,0
Psychic,260,95,23,48,23,48,23,0,0,0,1,0,0,0
Ice,300,50,50,50,50,50,50,0,0,0,1,0,0,0
Ice,480,80,80,80,80,80,80,0,0,0,1,0,0,0
Ice,580,80,120,80,120,80,100,0,0,0,1,0,0,0
Ice,290,70,40,50,55,50,25,0,0,0,1,0,0,0
Ice,410,90,60,70,75,70,45,0,0,0,1,0,0,0
Ice,530,110,80,90,95,90,65,0,0,0,1,0,0,0
Water,345,35,64,85,74,55,32,0,0,0,1,0,0,0
Water,485,55,104,105,94,75,52,0,0,0,1,0,0,0
Water,485,55,84,105,114,75,52,0,0,0,1,0,0,0
Water,485,100,90,130,45,65,55,0,0,0,1,0,0,0
Water,330,43,30,55,40,65,97,0,0,0,1,0,0,0
Dragon,300,45,75,60,40,30,50,0,0,0,1,0,0,0
Dragon,420,65,95,100,60,50,50,0,0,0,1,0,0,0
Dragon,600,95,135,80,110,80,100,0,0,0,1,0,0,0
Dragon,700,95,145,130,120,90,120,0,0,0,1,0,0,0
Steel,300,40,55,80,35,60,30,0,0,0,1,0,0,0
Steel,420,60,75,100,55,80,50,0,0,0,1,0,0,0
Steel,600,80,135,130,95,90,70,0,0,0,1,0,0,0
Steel,700,80,145,150,105,110,110,0,0,0,1,0,0,0
Rock,580,80,100,200,50,100,50,1,0,0,1,0,0,0
Ice,580,80,50,100,100,200,50,1,0,0,1,0,0,0
Steel,580,80,75,150,75,150,50,1,0,0,1,0,0,0
Dragon,600,80,80,90,110,130,110,1,0,0,1,0,0,0
Dragon,700,80,100,120,140,150,110,1,0,0,1,0,0,0
Dragon,600,80,90,80,130,110,110,1,0,0,1,0,0,0
Dragon,700,80,130,100,160,120,110,1,0,0,1,0,0,0
Water,670,100,100,90,150,140,90,1,0,0,1,0,0,0
Water,770,100,150,90,180,160,90,1,0,0,1,0,0,0
Ground,670,100,150,140,100,90,90,1,0,0,1,0,0,0
Ground,770,100,180,160,150,90,90,1,0,0,1,0,0,0
Dragon,680,105,150,90,150,90,95,1,0,0,1,0,0,0
Dragon,780,105,180,100,180,100,115,1,0,0,1,0,0,0
Steel,600,100,100,100,100,100,100,1,0,0,1,0,0,0
Psychic,600,50,150,50,150,50,150,1,0,0,1,0,0,0
Psychic,600,50,180,20,180,20,150,1,0,0,1,0,0,0
Psychic,600,50,70,160,70,160,90,1,0,0,1,0,0,0
Psychic,600,50,95,90,95,90,180,1,0,0,1,0,0,0
Grass,318,55,68,64,45,55,31,0,0,0,0,1,0,0
Grass,405,75,89,85,55,65,36,0,0,0,0,1,0,0
Grass,525,95,109,105,75,85,56,0,0,0,0,1,0,0
Fire,309,44,58,44,58,44,61,0,0,0,0,1,0,0
Fire,405,64,78,52,78,52,81,0,0,0,0,1,0,0
Fire,534,76,104,71,104,71,108,0,0,0,0,1,0,0
Water,314,53,51,53,61,56,40,0,0,0,0,1,0,0
Water,405,64,66,68,81,76,50,0,0,0,0,1,0,0
Water,530,84,86,88,111,101,60,0,0,0,0,1,0,0
Normal,245,40,55,30,30,30,60,0,0,0,0,1,0,0
Normal,340,55,75,50,40,40,80,0,0,0,0,1,0,0
Normal,485,85,120,70,50,60,100,0,0,0,0,1,0,0
Normal,250,59,45,40,35,40,31,0,0,0,0,1,0,0
Normal,410,79,85,60,55,60,71,0,0,0,0,1,0,0
Bug,194,37,25,41,25,41,25,0,0,0,0,1,0,0
Bug,384,77,85,51,55,51,65,0,0,0,0,1,0,0
Electric,263,45,65,34,40,34,45,0,0,0,0,1,0,0
Electric,363,60,85,49,60,49,60,0,0,0,0,1,0,0
Electric,523,80,120,79,95,79,70,0,0,0,0,1,0,0
Grass,280,40,30,35,50,70,55,0,0,0,0,1,0,0
Grass,515,60,70,65,125,105,90,0,0,0,0,1,0,0
Rock,350,67,125,40,30,30,58,0,0,0,0,1,0,0
Rock,495,97,165,60,65,50,58,0,0,0,0,1,0,0
Rock,350,30,42,118,42,88,30,0,0,0,0,1,0,0
Rock,495,60,52,168,47,138,30,0,0,0,0,1,0,0
Bug,224,40,29,45,29,45,36,0,0,0,0,1,0,0
Bug,424,60,59,85,79,105,36,0,0,0,0,1,0,0
Bug,424,60,79,105,59,85,36,0,0,0,0,1,0,0
Bug,424,60,69,95,69,95,36,0,0,0,0,1,0,0
Bug,424,70,94,50,94,50,66,0,0,0,0,1,0,0
Bug,244,30,30,42,30,42,70,0,0,0,0,1,0,0
Bug,474,70,80,102,80,102,40,0,0,0,0,1,0,0
Electric,405,60,45,70,45,90,95,0,0,0,0,1,0,0
Water,330,55,65,35,60,30,85,0,0,0,0,1,0,0
Water,495,85,105,55,85,50,115,0,0,0,0,1,0,0
Grass,275,45,35,45,62,53,35,0,0,0,0,1,0,0
Grass,450,70,60,70,87,78,85,0,0,0,0,1,0,0
Water,325,76,48,48,57,62,34,0,0,0,0,1,0,0
Water,475,111,83,68,92,82,39,0,0,0,0,1,0,0
Normal,482,75,100,66,60,66,115,0,0,0,0,1,0,0
Ghost,348,90,50,34,60,44,70,0,0,0,0,1,0,0
Ghost,498,150,80,44,90,54,80,0,0,0,0,1,0,0
Normal,350,55,66,44,44,56,85,0,0,0,0,1,0,0
Normal,480,65,76,84,54,96,105,0,0,0,0,1,0,0
Normal,580,65,136,94,54,96,135,0,0,0,0,1,0,0
Ghost,495,60,60,60,105,105,105,0,0,0,0,1,0,0
Dark,505,100,125,52,105,52,71,0,0,0,0,1,0,0
Normal,310,49,55,42,42,37,85,0,0,0,0,1,0,0
Normal,452,71,82,64,64,59,112,0,0,0,0,1,0,0
Psychic,285,45,30,50,65,50,45,0,0,0,0,1,0,0
Poison,329,63,63,47,41,41,74,0,0,0,0,1,0,0
Poison,479,103,93,67,71,61,84,0,0,0,0,1,0,0
Steel,300,57,24,86,24,86,23,0,0,0,0,1,0,0
Steel,500,67,89,116,79,116,33,0,0,0,0,1,0,0
Rock,290,50,80,95,10,45,10,0,0,0,0,1,0,0
Psychic,310,20,25,45,70,90,60,0,0,0,0,1,0,0
Normal,220,100,5,5,15,65,30,0,0,0,0,1,0,0
Normal,411,76,65,45,92,42,91,0,0,0,0,1,0,0
Ghost,485,50,92,108,92,108,35,0,0,0,0,1,0,0
Dragon,300,58,70,45,40,45,42,0,0,0,0,1,0,0
Dragon,410,68,90,65,50,55,82,0,0,0,0,1,0,0
Dragon,600,108,130,95,80,85,102,0,0,0,0,1,0,0
Dragon,700,108,170,115,120,95,92,0,0,0,0,1,0,0
Normal,390,135,85,40,40,85,5,0,0,0,0,1,0,0
Fighting,285,40,70,40,35,40,60,0,0,0,0,1,0,0
Fighting,525,70,110,70,115,70,90,0,0,0,0,1,0,0
Fighting,625,70,145,88,140,70,112,0,0,0,0,1,0,0
Ground,330,68,72,78,38,42,32,0,0,0,0,1,0,0
Ground,525,108,112,118,68,72,47,0,0,0,0,1,0,0
Poison,330,40,50,90,30,55,65,0,0,0,0,1,0,0
Poison,500,70,90,110,60,75,95,0,0,0,0,1,0,0
Poison,300,48,61,40,61,40,50,0,0,0,0,1,0,0
Poison,490,83,106,65,86,65,85,0,0,0,0,1,0,0
Grass,454,74,100,72,90,72,46,0,0,0,0,1,0,0
Water,330,49,49,56,49,61,66,0,0,0,0,1,0,0
Water,460,69,69,76,69,86,91,0,0,0,0,1,0,0
Water,345,45,20,50,60,120,50,0,0,0,0,1,0,0
Grass,334,60,62,50,62,60,40,0,0,0,0,1,0,0
Grass,494,90,92,75,92,85,60,0,0,0,0,1,0,0
Grass,594,90,132,105,132,105,30,0,0,0,0,1,0,0
Dark,510,70,120,65,45,85,125,0,0,0,0,1,0,0
Electric,535,70,70,115,130,90,60,0,0,0,0,1,0,0
Normal,515,110,85,95,80,95,50,0,0,0,0,1,0,0
Ground,535,115,140,130,55,55,40,0,0,0,0,1,0,0
Grass,535,100,100,125,110,50,50,0,0,0,0,1,0,0
Electric,540,75,123,67,95,85,95,0,0,0,0,1,0,0
Fire,540,75,95,67,125,95,83,0,0,0,0,1,0,0
Fairy,545,85,50,95,120,115,80,0,0,0,0,1,0,0
Bug,515,86,76,86,116,56,95,0,0,0,0,1,0,0
Grass,525,65,110,130,60,65,95,0,0,0,0,1,0,0
Ice,525,65,60,110,130,95,65,0,0,0,0,1,0,0
Ground,510,75,95,125,45,75,95,0,0,0,0,1,0,0
Ice,530,110,130,80,70,60,80,0,0,0,0,1,0,0
Normal,535,85,80,70,135,75,90,0,0,0,0,1,0,0
Psychic,518,68,125,65,65,115,80,0,0,0,0,1,0,0
Psychic,618,68,165,95,65,115,110,0,0,0,0,1,0,0
Rock,525,60,55,145,75,150,40,0,0,0,0,1,0,0
Ghost,525,45,100,135,65,135,45,0,0,0,0,1,0,0
Ice,480,70,80,70,80,70,110,0,0,0,0,1,0,0
Electric,440,50,50,77,95,77,91,0,0,0,0,1,0,0
Electric,520,50,65,107,105,107,86,0,0,0,0,1,0,0
Electric,520,50,65,107,105,107,86,0,0,0,0,1,0,0
Electric,520,50,65,107,105,107,86,0,0,0,0,1,0,0
Electric,520,50,65,107,105,107,86,0,0,0,0,1,0,0
Electric,520,50,65,107,105,107,86,0,0,0,0,1,0,0
Psychic,580,75,75,130,75,130,95,1,0,0,0,1,0,0
Psychic,580,80,105,105,105,105,80,1,0,0,0,1,0,0
Psychic,580,75,125,70,125,70,115,1,0,0,0,1,0,0
Steel,680,100,120,120,150,100,90,1,0,0,0,1,0,0
Water,680,90,120,100,150,120,100,1,0,0,0,1,0,0
Fire,600,91,90,106,130,106,77,1,0,0,0,1,0,0
Normal,670,110,160,110,80,110,100,1,0,0,0,1,0,0
Ghost,680,150,100,120,100,120,90,1,0,0,0,1,0,0
Ghost,680,150,120,100,120,100,90,1,0,0,0,1,0,0
Psychic,600,120,70,120,75,130,85,0,0,0,0,1,0,0
Water,480,80,80,80,80,80,80,0,0,0,0,1,0,0
Water,600,100,100,100,100,100,100,0,0,0,0,1,0,0
Dark,600,70,90,90,135,90,125,1,0,0,0,1,0,0
Grass,600,100,100,100,100,100,100,1,0,0,0,1,0,0
Grass,600,100,103,75,120,75,127,1,0,0,0,1,0,0
Normal,720,120,120,120,120,120,120,1,0,0,0,1,0,0
Psychic,600,100,100,100,100,100,100,1,0,0,0,0,1,0
Grass,308,45,45,55,45,55,63,0,0,0,0,0,1,0
Grass,413,60,60,75,60,75,83,0,0,0,0,0,1,0
Grass,528,75,75,95,75,95,113,0,0,0,0,0,1,0
Fire,308,65,63,45,45,45,45,0,0,0,0,0,1,0
Fire,418,90,93,55,70,55,55,0,0,0,0,0,1,0
Fire,528,110,123,65,100,65,65,0,0,0,0,0,1,0
Water,308,55,55,45,63,45,45,0,0,0,0,0,1,0
Water,413,75,75,60,83,60,60,0,0,0,0,0,1,0
Water,528,95,100,85,108,70,70,0,0,0,0,0,1,0
Normal,255,45,55,39,35,39,42,0,0,0,0,0,1,0
Normal,420,60,85,69,60,69,77,0,0,0,0,0,1,0
Normal,275,45,60,45,25,45,55,0,0,0,0,0,1,0
Normal,370,65,80,65,35,65,60,0,0,0,0,0,1,0
Normal,500,85,110,90,45,90,80,0,0,0,0,0,1,0
Dark,281,41,50,37,50,37,66,0,0,0,0,0,1,0
Dark,446,64,88,50,88,50,106,0,0,0,0,0,1,0
Grass,316,50,53,48,53,48,64,0,0,0,0,0,1,0
Grass,498,75,98,63,98,63,101,0,0,0,0,0,1,0
Fire,316,50,53,48,53,48,64,0,0,0,0,0,1,0
Fire,498,75,98,63,98,63,101,0,0,0,0,0,1,0
Water,316,50,53,48,53,48,64,0,0,0,0,0,1,0
Water,498,75,98,63,98,63,101,0,0,0,0,0,1,0
Psychic,292,76,25,45,67,55,24,0,0,0,0,0,1,0
Psychic,487,116,55,85,107,95,29,0,0,0,0,0,1,0
Normal,264,50,55,50,36,30,43,0,0,0,0,0,1,0
Normal,358,62,77,62,50,42,65,0,0,0,0,0,1,0
Normal,488,80,115,80,65,55,93,0,0,0,0,0,1,0
Electric,295,45,60,32,50,32,76,0,0,0,0,0,1,0
Electric,497,75,100,63,80,63,116,0,0,0,0,0,1,0
Rock,280,55,75,85,25,25,15,0,0,0,0,0,1,0
Rock,390,70,105,105,50,40,20,0,0,0,0,0,1,0
Rock,515,85,135,130,60,80,25,0,0,0,0,0,1,0
Psychic,313,55,45,43,55,43,72,0,0,0,0,0,1,0
Psychic,425,67,57,55,77,55,114,0,0,0,0,0,1,0
Ground,328,60,85,40,30,45,68,0,0,0,0,0,1,0
Ground,508,110,135,60,50,65,88,0,0,0,0,0,1,0
Normal,445,103,60,86,60,86,50,0,0,0,0,0,1,0
Normal,545,103,60,126,80,126,50,0,0,0,0,0,1,0
Fighting,305,75,80,55,25,35,35,0,0,0,0,0,1,0
Fighting,405,85,105,85,40,50,40,0,0,0,0,0,1,0
Fighting,505,105,140,95,55,65,45,0,0,0,0,0,1,0
Water,294,50,50,40,50,40,64,0,0,0,0,0,1,0
Water,384,75,65,55,65,55,69,0,0,0,0,0,1,0
Water,509,105,95,75,85,75,74,0,0,0,0,0,1,0
Fighting,465,120,100,85,30,85,45,0,0,0,0,0,1,0
Fighting,465,75,125,75,30,75,85,0,0,0,0,0,1,0
Bug,310,45,53,70,40,60,42,0,0,0,0,0,1,0
Bug,380,55,63,90,50,80,42,0,0,0,0,0,1,0
Bug,500,75,103,80,70,80,92,0,0,0,0,0,1,0
Bug,260,30,45,59,30,39,57,0,0,0,0,0,1,0
Bug,360,40,55,99,40,79,47,0,0,0,0,0,1,0
Bug,485,60,100,89,55,69,112,0,0,0,0,0,1,0
Grass,280,40,27,60,37,50,66,0,0,0,0,0,1,0
Grass,480,60,67,85,77,75,116,0,0,0,0,0,1,0
Grass,280,45,35,50,70,50,30,0,0,0,0,0,1,0
Grass,480,70,60,75,110,75,90,0,0,0,0,0,1,0
Water,460,70,92,65,80,55,98,0,0,0,0,0,1,0
Ground,292,50,72,35,35,35,65,0,0,0,0,0,1,0
Ground,351,60,82,45,45,45,74,0,0,0,0,0,1,0
Ground,519,95,117,80,65,70,92,0,0,0,0,0,1,0
Fire,315,70,90,45,15,45,50,0,0,0,0,0,1,0
Fire,480,105,140,55,30,55,95,0,0,0,0,0,1,0
Fire,540,105,30,105,140,105,55,0,0,0,0,0,1,0
Grass,461,75,86,67,106,67,60,0,0,0,0,0,1,0
Bug,325,50,65,85,35,35,55,0,0,0,0,0,1,0
Bug,475,70,95,125,65,75,45,0,0,0,0,0,1,0
Dark,348,50,75,70,35,70,48,0,0,0,0,0,1,0
Dark,488,65,90,115,45,115,58,0,0,0,0,0,1,0
Psychic,490,72,58,80,103,80,97,0,0,0,0,0,1,0
Ghost,303,38,30,85,55,65,30,0,0,0,0,0,1,0
Ghost,483,58,50,145,95,105,30,0,0,0,0,0,1,0
Water,355,54,78,103,53,45,22,0,0,0,0,0,1,0
Water,495,74,108,133,83,65,32,0,0,0,0,0,1,0
Rock,401,55,112,45,74,45,70,0,0,0,0,0,1,0
Rock,567,75,140,65,112,65,110,0,0,0,0,0,1,0
Poison,329,50,50,62,40,62,65,0,0,0,0,0,1,0
Poison,474,80,95,82,60,82,75,0,0,0,0,0,1,0
Dark,330,40,65,40,80,40,65,0,0,0,0,0,1,0
Dark,510,60,105,60,120,60,105,0,0,0,0,0,1,0
Normal,300,55,50,40,40,40,75,0,0,0,0,0,1,0
Normal,470,75,95,60,65,60,115,0,0,0,0,0,1,0
Psychic,290,45,30,50,55,65,45,0,0,0,0,0,1,0
Psychic,390,60,45,70,75,85,55,0,0,0,0,0,1,0
Psychic,490,70,55,95,95,110,65,0,0,0,0,0,1,0
Psychic,290,45,30,40,105,50,20,0,0,0,0,0,1,0
Psychic,370,65,40,50,125,60,30,0,0,0,0,0,1,0
Psychic,490,110,65,75,125,85,30,0,0,0,0,0,1,0
Water,305,62,44,50,44,50,55,0,0,0,0,0,1,0
Water,473,75,87,63,87,63,98,0,0,0,0,0,1,0
Ice,305,36,50,50,65,60,44,0,0,0,0,0,1,0
Ice,395,51,65,65,80,75,59,0,0,0,0,0,1,0
Ice,535,71,95,85,110,95,79,0,0,0,0,0,1,0
Normal,335,60,60,50,40,50,75,0,0,0,0,0,1,0
Normal,475,80,100,70,60,70,95,0,0,0,0,0,1,0
Electric,428,55,75,60,75,60,103,0,0,0,0,0,1,0
Bug,315,50,75,45,40,45,60,0,0,0,0,0,1,0
Bug,495,70,135,105,60,105,20,0,0,0,0,0,1,0
Grass,294,69,55,45,55,55,15,0,0,0,0,0,1,0
Grass,464,114,85,70,85,80,30,0,0,0,0,0,1,0
Water,335,55,40,50,65,85,40,0,0,0,0,0,1,0
Water,480,100,60,70,85,105,60,0,0,0,0,0,1,0
Water,470,165,75,80,40,45,65,0,0,0,0,0,1,0
Bug,319,50,47,50,57,50,65,0,0,0,0,0,1,0
Bug,472,70,77,60,97,60,108,0,0,0,0,0,1,0
Grass,305,44,50,91,24,86,10,0,0,0,0,0,1,0
Grass,489,74,94,131,54,116,20,0,0,0,0,0,1,0
Steel,300,40,55,70,45,60,30,0,0,0,0,0,1,0
Steel,440,60,80,95,70,85,50,0,0,0,0,0,1,0
Steel,520,60,100,115,70,85,90,0,0,0,0,0,1,0
Electric,275,35,55,40,45,40,60,0,0,0,0,0,1,0
Electric,405,65,85,70,75,70,40,0,0,0,0,0,1,0
Electric,515,85,115,80,105,80,50,0,0,0,0,0,1,0
Psychic,335,55,55,55,85,55,30,0,0,0,0,0,1,0
Psychic,485,75,75,75,125,95,40,0,0,0,0,0,1,0
Ghost,275,50,30,55,65,55,20,0,0,0,0,0,1,0
Ghost,370,60,40,60,95,60,55,0,0,0,0,0,1,0
Ghost,520,60,55,90,145,90,80,0,0,0,0,0,1,0
Dragon,320,46,87,60,30,40,57,0,0,0,0,0,1,0
Dragon,410,66,117,70,40,50,67,0,0,0,0,0,1,0
Dragon,540,76,147,90,60,70,97,0,0,0,0,0,1,0
Ice,305,55,70,40,60,40,40,0,0,0,0,0,1,0
Ice,485,95,110,80,70,80,50,0,0,0,0,0,1,0
Ice,485,70,50,30,95,135,105,0,0,0,0,0,1,0
Bug,305,50,40,85,40,65,25,0,0,0,0,0,1,0
Bug,495,80,70,40,100,60,145,0,0,0,0,0,1,0
Ground,471,109,66,84,81,99,32,0,0,0,0,0,1,0
Fighting,350,45,85,50,55,50,65,0,0,0,0,0,1,0
Fighting,510,65,125,60,95,60,105,0,0,0,0,0,1,0
Dragon,485,77,120,90,60,90,48,0,0,0,0,0,1,0
Ground,303,59,74,50,35,50,35,0,0,0,0,0,1,0
Ground,483,89,124,80,55,80,55,0,0,0,0,0,1,0
Dark,340,45,85,70,40,40,60,0,0,0,0,0,1,0
Dark,490,65,125,100,60,70,70,0,0,0,0,0,1,0
Normal,490,95,110,95,40,95,55,0,0,0,0,0,1,0
Normal,350,70,83,50,37,50,60,0,0,0,0,0,1,0
Normal,510,100,123,75,57,75,80,0,0,0,0,0,1,0
Dark,370,70,55,75,45,65,60,0,0,0,0,0,1,0
Dark,510,110,65,105,55,95,80,0,0,0,0,0,1,0
Fire,484,85,97,66,105,66,65,0,0,0,0,0,1,0
Bug,484,58,109,112,48,48,109,0,0,0,0,0,1,0
Dark,300,52,65,50,45,50,38,0,0,0,0,0,1,0
Dark,420,72,85,70,65,70,58,0,0,0,0,0,1,0
Dark,600,92,105,90,125,90,98,0,0,0,0,0,1,0
Bug,360,55,85,55,50,55,60,0,0,0,0,0,1,0
Bug,550,85,60,65,135,105,100,0,0,0,0,0,1,0
Steel,580,91,90,129,90,72,108,1,0,0,0,0,1,0
Rock,580,91,129,90,72,90,108,1,0,0,0,0,1,0
Grass,580,91,90,72,90,129,108,1,0,0,0,0,1,0
Flying,580,79,115,70,125,80,111,1,0,0,0,0,1,0
Flying,580,79,100,80,110,90,121,1,0,0,0,0,1,0
Electric,580,79,115,70,125,80,111,1,0,0,0,0,1,0
Electric,580,79,105,70,145,80,101,1,0,0,0,0,1,0
Dragon,680,100,120,100,150,120,90,1,0,0,0,0,1,0
Dragon,680,100,150,120,120,100,90,1,0,0,0,0,1,0
Ground,600,89,125,90,115,80,101,1,0,0,0,0,1,0
Ground,600,89,145,90,105,80,91,1,0,0,0,0,1,0
Dragon,660,125,130,90,130,90,95,1,0,0,0,0,1,0
Dragon,700,125,170,100,120,90,95,1,0,0,0,0,1,0
Dragon,700,125,120,90,170,100,95,1,0,0,0,0,1,0
Water,580,91,72,90,129,90,108,0,0,0,0,0,1,0
Water,580,91,72,90,129,90,108,0,0,0,0,0,1,0
Normal,600,100,77,77,128,128,90,0,0,0,0,0,1,0
Normal,600,100,128,90,77,77,128,0,0,0,0,0,1,0
Bug,600,71,120,95,120,95,99,0,0,0,0,0,1,0
Grass,313,56,61,65,48,45,38,0,0,0,0,0,0,1
Grass,405,61,78,95,56,58,57,0,0,0,0,0,0,1
Grass,530,88,107,122,74,75,64,0,0,0,0,0,0,1
Fire,307,40,45,40,62,60,60,0,0,0,0,0,0,1
Fire,409,59,59,58,90,70,73,0,0,0,0,0,0,1
Fire,534,75,69,72,114,100,104,0,0,0,0,0,0,1
Water,314,41,56,40,62,44,71,0,0,0,0,0,0,1
Water,405,54,63,52,83,56,97,0,0,0,0,0,0,1
Water,530,72,95,67,103,71,122,0,0,0,0,0,0,1
Normal,237,38,36,38,32,36,57,0,0,0,0,0,0,1
Normal,423,85,56,77,50,77,78,0,0,0,0,0,0,1
Normal,278,45,50,43,40,38,62,0,0,0,0,0,0,1
Fire,382,62,73,55,56,52,84,0,0,0,0,0,0,1
Fire,499,78,81,71,74,69,126,0,0,0,0,0,0,1
Bug,200,38,35,40,27,25,35,0,0,0,0,0,0,1
Bug,213,45,22,60,27,30,29,0,0,0,0,0,0,1
Bug,411,80,52,50,90,50,89,0,0,0,0,0,0,1
Fire,369,62,50,58,73,54,72,0,0,0,0,0,0,1
Fire,507,86,68,72,109,66,106,0,0,0,0,0,0,1
Fairy,303,44,38,39,61,79,42,0,0,0,0,0,0,1
Fairy,371,54,45,47,75,98,52,0,0,0,0,0,0,1
Fairy,552,78,65,68,112,154,75,0,0,0,0,0,0,1
Grass,350,66,65,48,62,57,52,0,0,0,0,0,0,1
Grass,531,123,100,62,97,81,68,0,0,0,0,0,0,1
Fighting,348,67,82,62,46,48,43,0,0,0,0,0,0,1
Fighting,495,95,124,78,69,71,58,0,0,0,0,0,0,1
Normal,472,75,80,60,65,90,102,0,0,0,0,0,0,1
Psychic,355,62,48,54,63,60,68,0,0,0,0,0,0,1
Psychic,466,74,48,76,83,81,104,0,0,0,0,0,0,1
Psychic,466,74,48,76,83,81,104,0,0,0,0,0,0,1
Steel,325,45,80,100,35,37,28,0,0,0,0,0,0,1
Steel,448,59,110,150,45,49,35,0,0,0,0,0,0,1
Steel,520,60,150,50,150,50,60,0,0,0,0,0,0,1
Steel,520,60,50,150,50,150,60,0,0,0,0,0,0,1
Fairy,341,78,52,60,63,65,23,0,0,0,0,0,0,1
Fairy,462,101,72,72,99,89,29,0,0,0,0,0,0,1
Fairy,341,62,48,66,59,57,49,0,0,0,0,0,0,1
Fairy,480,82,80,86,85,75,72,0,0,0,0,0,0,1
Dark,288,53,54,53,37,46,45,0,0,0,0,0,0,1
Dark,482,86,92,88,68,75,73,0,0,0,0,0,0,1
Rock,306,42,52,67,39,56,50,0,0,0,0,0,0,1
Rock,500,72,105,115,54,86,68,0,0,0,0,0,0,1
Poison,320,50,60,60,60,60,30,0,0,0,0,0,0,1
Poison,494,65,75,90,97,123,44,0,0,0,0,0,0,1
Water,330,50,53,62,58,63,44,0,0,0,0,0,0,1
Water,500,71,73,88,120,89,59,0,0,0,0,0,0,1
Electric,289,44,38,33,61,43,70,0,0,0,0,0,0,1
Electric,481,62,55,52,109,94,109,0,0,0,0,0,0,1
Rock,362,58,89,77,45,45,48,0,0,0,0,0,0,1
Rock,521,82,121,119,69,59,71,0,0,0,0,0,0,1
Rock,362,77,59,50,67,63,46,0,0,0,0,0,0,1
Rock,521,123,77,72,99,92,58,0,0,0,0,0,0,1
Fairy,525,95,65,65,110,130,60,0,0,0,0,0,0,1
Fighting,500,78,92,75,74,63,118,0,0,0,0,0,0,1
Electric,431,67,58,57,81,67,101,0,0,0,0,0,0,1
Rock,500,50,50,150,50,150,50,0,0,0,0,0,0,1
Dragon,300,45,50,35,55,75,40,0,0,0,0,0,0,1
Dragon,452,68,75,53,83,113,60,0,0,0,0,0,0,1
Dragon,600,90,100,70,110,150,80,0,0,0,0,0,0,1
Steel,470,57,80,91,80,87,75,0,0,0,0,0,0,1
Ghost,309,43,70,48,50,60,38,0,0,0,0,0,0,1
Ghost,474,85,110,76,65,82,56,0,0,0,0,0,0,1
Ghost,335,49,66,70,44,55,51,0,0,0,0,0,0,1
Ghost,335,44,66,70,44,55,56,0,0,0,0,0,0,1
Ghost,335,54,66,70,44,55,46,0,0,0,0,0,0,1
Ghost,335,59,66,70,44,55,41,0,0,0,0,0,0,1
Ghost,494,65,90,122,58,75,84,0,0,0,0,0,0,1
Ghost,494,55,85,122,58,75,99,0,0,0,0,0,0,1
Ghost,494,75,95,122,58,75,69,0,0,0,0,0,0,1
Ghost,494,85,100,122,58,75,54,0,0,0,0,0,0,1
Ice,304,55,69,85,32,35,28,0,0,0,0,0,0,1
Ice,514,95,117,184,44,46,28,0,0,0,0,0,0,1
Flying,245,40,30,35,45,40,55,0,0,0,0,0,0,1
Flying,535,85,70,80,97,80,123,0,0,0,0,0,0,1
Fairy,680,126,131,95,131,98,99,1,0,0,0,0,0,1
Dark,680,126,131,95,131,98,99,1,0,0,0,0,0,1
Dragon,600,108,100,121,81,95,95,1,0,0,0,0,0,1
Rock,600,50,100,150,100,150,50,1,0,0,0,0,0,1
Rock,700,50,160,110,160,110,110,1,0,0,0,0,0,1
Psychic,600,80,110,60,150,130,70,1,0,0,0,0,0,1
Psychic,680,80,160,60,170,130,80,1,0,0,0,0,0,1
Fire,600,80,110,120,130,90,70,1,0,0,0,0,0,1
